id,name,city,country,continent,region,lon,lat,rank
BCN,Barcelona–El Prat,Barcelona,Spain,Europe,Southern Europe,2.078333,41.296944,12
MAD,Adolfo Suárez Madrid–Barajas,Madrid,Spain,Europe,Southern Europe,-3.566667,40.493611,17
FCO,Leonardo da Vinci–Fiumicino Airport,Rome,Italy,Europe,Southern Europe,12.238889,41.800278,22
CAI,Cairo International,Cairo,Egypt,Africa,Northern Africa,31.405556,30.121944,26
JED,King Abdulaziz International,Jeddah,Saudi Arabia,Asia,Western Asia,39.156667,21.679444,27
IST,Istanbul Airport,Istanbul,Turkey,Asia,Western Asia,28.751944,41.275278,31
DEL,Indira Gandhi International,New Delhi,India,Asia,Southern Asia,77.103056,28.566389,32
DXB,Dubai International,Dubai,United Arab Emirates,Asia,Western Asia,55.364444,25.252778,34
RUH,King Khalid International,Riyadh,Saudi Arabia,Asia,Western Asia,46.698889,24.957778,39
LGW,Gatwick,London,United Kingdom,Europe,Northern Europe,-0.190278,51.148056,40
ATH,Athens International,Athens,Greece,Europe,Southern Europe,23.944444,37.936389,43
SAW,Sabiha Gökçen International,Istanbul,Turkey,Asia,Western Asia,29.309167,40.898611,46
BUD,Budapest Ferenc Liszt International,Budapest,Hungary,Europe,Central Europe,19.255556,47.436944,48
CPH,Airport Copenhagen,Copenhagen,Denmark,Europe,Northern Europe,12.650278,55.620278,49
CDG,Charles de Gaulle Airport,Paris,France,Europe,Western Europe,2.547778,49.009722,55
LIS,Lisbon Portela,Lisbon,Portugal,Europe,Southern Europe,-9.134167,38.774167,57
LHR,Heathrow,London,United Kingdom,Europe,Northern Europe,-0.461389,51.4775,60
AMM,Queen Alia International,Amman,Jordan,Asia,Western Asia,35.993333,31.7225,62
TLV,Ben Gurion,Tel Aviv,Israel,Asia,Western Asia,34.880556,32.007222,64
MXP,Milan–Malpensa,Milan,Italy,Europe,Southern Europe,8.723056,45.63,65
OTP,Henri Coandă International,Bucharest,Romania,Europe,Eastern Europe,26.102222,44.572222,70
VIE,Vienna International Airport,Vienna,Austria,Europe,Central Europe,16.578056,48.110278,71
BOM,Chhatrapati Shivaji International,Mumbai,India,Asia,Southern Asia,72.868056,19.088611,72
TIA,Tirana International Airport Nënë Tereza,Tirana,Albania,Europe,Southern Europe,19.720833,41.415,74
LHE,Allama Iqbal International,Lahore,Pakistan,Asia,Southern Asia,74.403611,31.521667,77
BER,Berlin Brandenburg,Berlin,Germany,Europe,Central Europe,13.503333,52.366667,79
AMS,Amsterdam Airport Schiphol,Amsterdam,Netherlands,Europe,Western Europe,4.764167,52.308056,81
WAW,Warsaw Chopin,Warsaw,Poland,Europe,Central Europe,20.967222,52.165833,85
PRG,Václav Havel Airport Prague,Prague,Czechia,Europe,Central Europe,14.26,50.100833,86
STN,London Stansted,London,United Kingdom,Europe,Northern Europe,0.235,51.885,87
DUB,Dublin,Dublin,Ireland,Europe,Northern Europe,-6.27,53.421389,89
ORY,Paris Orly,Paris,France,Europe,Western Europe,2.379444,48.723333,93
BEY,Beirut–Rafic Hariri International,Beirut,Lebanon,Asia,Western Asia,35.488333,33.820833,107
KHI,Jinnah International,Karachi,Pakistan,Asia,Southern Asia,67.160833,24.906667,109
ISB,Islamabad International Airport,Islamabad,Pakistan,Asia,Southern Asia,72.826754,33.55126,110
ARN,Stockholm Arlanda,Stockholm,Sweden,Europe,Northern Europe,17.918611,59.651944,111
RMO,Chișinău International,Chișinău,Moldova,Europe,Eastern Europe,28.9349,46.9352,114
MAN,Manchester,Manchester,United Kingdom,Europe,Northern Europe,-2.275,53.353611,120
DMM,King Fahd International,Dammam,Saudi Arabia,Asia,Western Asia,49.797778,26.471111,121
DOH,Hamad International,Doha,Qatar,Asia,Western Asia,51.608333,25.274444,122
AGP,Málaga,Málaga,Spain,Europe,Southern Europe,-4.499167,36.675,125
AMD,Sardar Vallabhbhai Patel International,Ahmedabad,India,Asia,Southern Asia,72.634722,23.077222,128
FRA,Frankfurt International Airport,Frankfurt,Germany,Europe,Central Europe,8.570556,50.033056,129
BEG,Belgrade Nikola Tesla,Belgrade,Serbia,Europe,Southern Europe,20.309167,44.818333,130
LOS,Murtala Muhammed International,Lagos,Nigeria,Africa,Western Africa,3.321111,6.5775,131
SOF,Sofia,Sofia,Bulgaria,Europe,Eastern Europe,23.406111,42.695278,134
CMN,Mohammed V International,Casablanca,Morocco,Africa,Northern Africa,-7.59,33.3675,136
KRK,John Paul II International Airport Kraków–Balice,Kraków,Poland,Europe,Central Europe,19.784722,50.077778,138
PMI,Palma de Mallorca,"Palma, Majorca",Spain,Europe,Southern Europe,2.738889,39.551667,139
MCT,Muscat International,Muscat,Oman,Asia,Western Asia,58.281667,23.592778,140
AYT,Antalya,Antalya,Turkey,Asia,Western Asia,30.800556,36.898611,141
KWI,Kuwait International,Kuwait City,Kuwait,Asia,Western Asia,47.968889,29.226667,144
LTN,Luton,London,United Kingdom,Europe,Northern Europe,-0.368333,51.874722,145
LCA,Larnaca International,Larnaca,Cyprus,Europe,Southern Europe,33.624722,34.875,148
RAK,Marrakesh Menara,Marrakesh,Morocco,Africa,Northern Africa,-8.036389,31.606944,152
EVN,Zvartnots International,Yerevan,Armenia,Asia,Western Asia,44.395833,40.147222,155
OSL,"Oslo Airport, Gardermoen",Oslo,Norway,Europe,Northern Europe,11.100278,60.193889,156
KBL,Hamid Karzai International,Kabul,Afghanistan,Asia,Southern Asia,69.2125,34.565833,157
NBO,Jomo Kenyatta International,Nairobi,Kenya,Africa,Eastern Africa,36.927778,-1.319167,158
HEL,Helsinki,Helsinki,Finland,Europe,Northern Europe,24.963333,60.317222,159
MED,Prince Mohammad bin Abdulaziz,Medina,Saudi Arabia,Asia,Western Asia,39.705,24.553333,160
BRU,Brussels,Brussels,Belgium,Europe,Western Europe,4.484444,50.901389,163
MUC,Munich,Munich,Germany,Europe,Central Europe,11.786111,48.353889,164
ZRH,Zürich Airport,Zürich,Switzerland,Europe,Central Europe,8.549167,47.464722,165
MLA,Malta International,Malta,Malta,Europe,Southern Europe,14.4775,35.8575,166
EBL,Erbil International,Erbil,Iraq,Asia,Western Asia,43.963056,36.237778,167
IBZ,Ibiza,Ibiza,Spain,Europe,Southern Europe,1.373056,38.872778,171
CRL,Brussels South Charleroi,Brussels,Belgium,Europe,Western Europe,4.453889,50.459167,176
GYD,Heydar Aliyev International,Baku,Azerbaijan,Asia,Western Asia,50.046667,40.4675,177
TBS,Tbilisi International,Tbilisi,Georgia,Asia,Western Asia,44.954722,41.669167,178
TUN,Tunis–Carthage International,Tunis,Tunisia,Africa,Northern Africa,10.227222,36.851111,179
OPO,Porto,Porto,Portugal,Europe,Southern Europe,-8.678056,41.235556,180
KEF,Keflavík International,Reykjavik,Iceland,Europe,Northern Europe,-22.605556,63.985,182
DAM,Damascus International,Damascus,Syria,Asia,Southern Asia,36.514167,33.410556,183
AUH,Zayed International Airport,Abu Dhabi,United Arab Emirates,Asia,Western Asia,54.651111,24.433056,185
BGY,Milan Bergamo International Airport,Milan,Italy,Europe,Southern Europe,9.700278,45.668889,189
DUS,Düsseldorf International Airport,Düsseldorf,Germany,Europe,Central Europe,6.766667,51.289444,190
NAP,Naples International,Naples,Italy,Europe,Southern Europe,14.290833,40.884444,191
VLC,Valencia,Valencia,Spain,Europe,Southern Europe,-0.481667,39.489444,192
VCE,Venice Marco Polo,Venice,Italy,Europe,Southern Europe,12.351944,45.505278,196
BGW,Baghdad International,Baghdad,Iraq,Asia,Western Asia,44.234444,33.2625,199
BVA,Beauvais–Tillé,Paris,France,Europe,Western Europe,2.112778,49.454444,200
EDI,Edinburgh Airport,Edinburgh,United Kingdom,Europe,Northern Europe,-3.3725,55.95,201
CTA,Catania–Fontanarossa,Catania,Italy,Europe,Southern Europe,15.063889,37.466667,203
NCE,Nice Côte d Azur International,Nice,France,Europe,Western Europe,7.215,43.665278,204
ACC,Kotoka International,Accra,Ghana,Africa,Western Africa,-0.166667,5.605278,208
HAM,Hamburg,Hamburg,Germany,Europe,Central Europe,9.988333,53.630278,211
ABV,Nnamdi Azikiwe International,Abuja,Nigeria,Africa,Western Africa,7.263056,9.006667,212
ALC,Alicante–Elche,Alicante,Spain,Europe,Southern Europe,-0.558056,38.282222,213
VNO,Vilnius,Vilnius,Lithuania,Europe,Northern Europe,25.285833,54.634167,215
SVQ,Seville,Seville,Spain,Europe,Southern Europe,-5.893056,37.418056,217
TAS,Tashkent International,Tashkent,Uzbekistan,Asia,Central Asia,69.281111,41.257778,228
BAH,Bahrain International,Manama,Bahrain,Asia,Western Asia,50.633611,26.270833,232
SSH,Sharm el-Sheikh International,Sharm El Sheikh,Egypt,Africa,Northern Africa,34.395,27.977222,233
ADB,Adnan Menderes,İzmir,Turkey,Asia,Western Asia,27.156944,38.2925,236
RIX,Riga International,Riga,Latvia,Europe,Northern Europe,23.971111,56.923611,238
SKP,Skopje Alexander the Great,Skopje,Republic of North Macedonia,Europe,Southern Europe,21.621389,41.961667,240
ADD,Addis Ababa Bole International,Addis Ababa,Ethiopia,Africa,Eastern Africa,38.799444,8.977778,241
BHX,Birmingham,Birmingham,United Kingdom,Europe,Northern Europe,-1.747778,52.453611,242
ESB,Esenboğa International,Ankara,Turkey,Asia,Western Asia,32.995,40.128056,244
TFS,Tenerife–South,Tenerife,Spain,Europe,Southern Europe,-16.5725,28.044444,246
HRG,Hurghada International,Hurghada,Egypt,Africa,Northern Africa,33.801389,27.178611,247
PRN,Pristina International,Pristina,Kosovo,Europe,Southern Europe,21.035833,42.572778,250
ALG,Houari Boumediene,Algiers,Algeria,Africa,Northern Africa,3.214722,36.694167,251
JTR,Santorini (Thira) National,Santorini,Greece,Europe,Southern Europe,25.479444,36.399167,255
CGN,Cologne Bonn Airport,Cologne,Germany,Europe,Central Europe,7.142778,50.865833,258
GVA,Geneva,Geneva,Switzerland,Europe,Central Europe,6.108889,46.238056,259
BLQ,Bologna Guglielmo Marconi,Bologna,Italy,Europe,Southern Europe,11.296944,44.530833,261
ZAG,Zagreb,Zagreb,Croatia,Europe,Southern Europe,16.068889,45.743056,262
STR,Stuttgart,Stuttgart,Germany,Europe,Central Europe,9.221944,48.69,265
FLR,Florence,Florence,Italy,Europe,Southern Europe,11.202778,43.808611,268
TNG,Tangier Ibn Battouta,Tangier,Morocco,Africa,Northern Africa,-5.916944,35.726944,269
SHJ,Sharjah International,Dubai,United Arab Emirates,Asia,Western Asia,55.517222,25.328611,273
PMO,Falcone–Borsellino,Palermo,Italy,Europe,Southern Europe,13.099444,38.181944,276
SKG,Thessaloniki International Airport Macedonia,Thessaloniki,Greece,Europe,Southern Europe,22.970833,40.519722,277
LPA,Gran Canaria,Las Palmas,Spain,Europe,Southern Europe,-15.386667,27.931944,281
HHN,Frankfurt–Hahn,Frankfurt,Germany,Europe,Central Europe,7.263889,49.948611,284
MRS,Marseille Provence,Marseille,France,Europe,Western Europe,5.215,43.436667,285
ALA,Almaty International,Almaty,Kazakhstan,Asia,Central Asia,77.042222,43.353333,292
FAO,Faro,Faro,Portugal,Europe,Southern Europe,-7.965833,37.014444,296
TGD,Podgorica,Podgorica,Montenegro,Europe,Southern Europe,19.251944,42.359444,304
ECN,Ercan International,Northern Cyprus,Unknown Region,Asia,Western Asia,33.488333,35.159722,306
EBB,Entebbe International,Entebbe,Uganda,Africa,Eastern Africa,32.443611,0.0425,307
ATQ,Sri Guru Ram Dass Jee International,Amritsar,India,Asia,Southern Asia,74.797222,31.709722,308
SJJ,Sarajevo International,Sarajevo,Bosnia & Herzegovina,Europe,Southern Europe,18.331389,43.824722,309
LKO,Chaudhary Charan Singh International,Lucknow,India,Asia,Southern Asia,80.889444,26.760556,310
BRI,Bari Karol Wojtyła,Bari,Italy,Europe,Southern Europe,16.765,41.138056,311
GOT,Göteborg Landvetter,Gothenburg,Sweden,Europe,Northern Europe,12.279722,57.662778,314
KUT,David the Builder Kutaisi International,Kutaisi,Georgia,Asia,Western Asia,42.4825,42.176667,316
BIO,Bilbao,Bilbao,Spain,Europe,Southern Europe,-2.910556,43.301111,317
FNC,Cristiano Ronaldo International,Funchal,Portugal,Europe,Southern Europe,-16.778056,32.694167,320
SPU,Split,Split,Croatia,Europe,Southern Europe,16.298056,43.538889,324
BSZ,Manas International Airport,Bishkek,Kyrgyzstan,Asia,Central Asia,74.4775,43.061389,333
GDN,Gdańsk Lech Wałęsa,Gdańsk,Poland,Europe,Central Europe,18.466111,54.3775,346
HER,Heraklion International,Heraklion,Greece,Europe,Southern Europe,25.180278,35.339722,348
LYS,Lyon–Saint-Exupéry,Lyon,France,Europe,Western Europe,5.081111,45.725556,349
DBV,Dubrovnik,Dubrovnik,Croatia,Europe,Southern Europe,18.268333,42.561389,353
ALP,Aleppo International Airport,Aleppo,Syria,Asia,Southern Asia,37.2244,36.180698,355
TLL,Tallinn,Tallinn,Estonia,Europe,Northern Europe,24.8325,59.413333,358
BSL,EuroAirport Basel Mulhouse Freiburg,Basel,Switzerland,Europe,Central Europe,7.521667,47.601111,360
DSS,Blaise Diagne International Airport,Dakar,Senegal,Africa,Western Africa,-17.066944,14.671111,361
AGA,Agadir–Al Massira,Agadir,Morocco,Africa,Northern Africa,-9.413056,30.325,362
BJV,Milas–Bodrum,Bodrum,Turkey,Asia,Western Asia,27.664444,37.250556,363
EIN,Eindhoven,Eindhoven,Netherlands,Europe,Western Europe,5.374444,51.45,367
WMI,Warsaw Modlin,Warsaw,Poland,Europe,Central Europe,20.651667,52.451111,369
CFU,Corfu International,Corfu,Greece,Europe,Southern Europe,19.911667,39.601944,372
CIA,Ciampino–G. B. Pastine International,Rome,Italy,Europe,Southern Europe,12.595,41.798889,377
RBA,Rabat–Salé,Rabat,Morocco,Africa,Northern Africa,-6.751389,34.051389,379
SPX,Sphinx International Airport,Giza,Egypt,Africa,Northern Africa,30.894444,30.109722,380
TRF,"Sandefjord Airport, Torp",Oslo,Norway,Europe,Northern Europe,10.258611,59.186667,381
JMK,Mykonos Island National,Mykonos,Greece,Europe,Southern Europe,25.348056,37.435,383
CAG,Cagliari Elmas,Cagliari,Italy,Europe,Southern Europe,9.057778,39.251389,385
OLB,Olbia Costa Smeralda,Olbia,Italy,Europe,Southern Europe,9.517778,40.898611,386
CLJ,Cluj International,Cluj-Napoca,Romania,Europe,Eastern Europe,23.686111,46.785278,387
GLA,Glasgow,Glasgow,United Kingdom,Europe,Northern Europe,-4.433333,55.871944,390
TZX,Trabzon,Trabzon,Turkey,Asia,Western Asia,39.789722,40.995,393
PFO,Paphos International,Paphos,Cyprus,Europe,Southern Europe,32.485833,34.718056,400
HBE,Borg El Arab,Alexandria,Egypt,Africa,Northern Africa,29.696389,30.917778,403
ASR,Erkilet International,Kayseri,Turkey,Asia,Western Asia,35.495556,38.770278,405
TLS,Toulouse–Blagnac,Toulouse,France,Europe,Western Europe,1.367778,43.635,408
LIN,Linate,Milan,Italy,Europe,Southern Europe,9.278333,45.449444,413
TIV,Tivat,Tivat,Montenegro,Europe,Southern Europe,18.723333,42.404722,414
TSF,Treviso,Venice,Italy,Europe,Southern Europe,12.197778,45.650833,415
PNQ,Pune,Pune,India,Asia,Southern Asia,73.919722,18.582222,429
LUX,Luxembourg,Luxembourg,Luxembourg,Europe,Western Europe,6.204444,49.623333,431
AHB,Abha Regional,Abha,Saudi Arabia,Asia,Western Asia,42.656667,18.240278,434
TFN,Tenerife-North,Tenerife,Spain,Europe,Southern Europe,-16.341667,28.482778,436
DTM,Dortmund,Dortmund,Germany,Europe,Central Europe,7.612222,51.518333,438
COV,Cukurova International Airport,Mersin,Turkey,Asia,Western Asia,35.0675,36.896944,441
YYT,St. John's International,St. John s,Canada,North America,Northern America,-52.751944,47.618611,442
BJL,Banjul International,Banjul,Gambia,Africa,Western Africa,-16.652222,13.338056,445
BDQ,Vadodara,Vadodara,India,Asia,Southern Asia,73.226389,22.336111,446
NUE,Nuremberg,Nuremberg,Germany,Europe,Central Europe,11.066944,49.498611,448
DLA,Douala International,Douala,Cameroon,Africa,Central Africa,9.719444,4.006111,449
KTW,Katowice International,Katowice,Poland,Europe,Central Europe,19.08,50.474167,451
IAS,Iași International,Iași,Romania,Europe,Eastern Europe,27.620556,47.178611,452
TOS,"Tromsø Airport, Langnes",Tromsø,Norway,Europe,Northern Europe,18.918889,69.683333,453
JAI,Jaipur International,Jaipur,India,Asia,Southern Asia,75.812222,26.824167,456
LJU,Ljubljana Jože Pučnik,Ljubljana,Slovenia,Europe,Southern Europe,14.4575,46.223611,457
MUX,Multan International,Multan,Pakistan,Asia,Southern Asia,71.419167,30.203333,458
CHQ,Chania International,Chania,Greece,Europe,Southern Europe,24.149722,35.531667,459
DLM,Dalaman,Dalaman,Turkey,Asia,Western Asia,28.7925,36.713056,460
BTS,Bratislava Airport,Bratislava,Slovakia,Europe,Central Europe,17.212778,48.170278,462
NAV,Nevşehir Kapadokya,Nevşehir,Turkey,Asia,Western Asia,34.534444,38.771944,463
XNB,Dubai Bus Station,Dubai,United Arab Emirates,Asia,Western Asia,55.333333,25.25,467
FEZ,Fès–Saïs,Fes,Morocco,Africa,Northern Africa,-4.978056,33.927222,471
PSA,Pisa International,Pisa,Italy,Europe,Southern Europe,10.395556,43.682778,472
WRO,Copernicus Airport Wrocław,Wrocław,Poland,Europe,Central Europe,16.885833,51.102778,474
LYP,Faisalabad International,Faisalabad District,Pakistan,Asia,Southern Asia,72.994722,31.365,476
BRS,Bristol,Bristol,United Kingdom,Europe,Northern Europe,-2.718889,51.3825,477
SCQ,Santiago de Compostela,Santiago de Compostela,Spain,Europe,Southern Europe,-8.415278,42.896389,480
BGO,"Bergen Airport, Flesland",Bergen,Norway,Europe,Northern Europe,5.218056,60.293333,481
FUE,Fuerteventura,Fuerteventura,Spain,Europe,Southern Europe,-13.863889,28.452778,482
VAR,Varna,Varna,Bulgaria,Europe,Eastern Europe,27.825,43.231944,486
RZE,Rzeszów–Jasionka,Rzeszów,Poland,Europe,Central Europe,22.018889,50.11,488
KGL,Kigali International,Kigali,Rwanda,Africa,Eastern Africa,30.139444,-1.968611,489
IKA,Tehran Imam Khomeini International,Tehran,Iran,Asia,Southern Asia,51.152222,35.416111,491
SKT,Sialkot International,Sialkot,Pakistan,Asia,Southern Asia,74.363889,32.535278,492
LXR,Luxor International,Luxor,Egypt,Africa,Northern Africa,32.706667,25.671111,497
NQZ,Nursultan Nazarbayev International Airport,Astana,Kazakhstan,Asia,Central Asia,71.466944,51.023056,498
RHO,Rhodes International,Rhodes,Greece,Europe,Southern Europe,28.086111,36.405556,503
POZ,Poznań–Ławica,Poznań,Poland,Europe,Central Europe,16.826389,52.421111,506
BOD,Bordeaux–Mérignac,Bordeaux,France,Europe,Western Europe,-0.715278,44.828611,507
TSR,Timișoara Traian Vuia International,Timișoara,Romania,Europe,Eastern Europe,21.337778,45.81,508
ABJ,Port Bouet,Abidjan,Côte d’Ivoire,Africa,Western Africa,-3.926389,5.261389,509
PHC,Port Harcourt International,Port Harcourt,Nigeria,Africa,Western Africa,6.949722,5.015556,511
KUN,Kaunas,Kaunas,Lithuania,Europe,Northern Europe,24.084722,54.963889,517
ROB,Roberts International,Monrovia,Liberia,Africa,Western Africa,-10.362222,6.233889,524
BBU,Baneasa International Airport,Bucharest,Romania,Europe,Eastern Europe,26.1021,44.503201,528
RVN,Rovaniemi,Rovaniemi,Finland,Europe,Northern Europe,25.830278,66.564722,531
FMM,Memmingen,Memmingen,Germany,Europe,Central Europe,10.2375,47.988056,532
NCL,Newcastle,Newcastle upon Tyne,United Kingdom,Europe,Northern Europe,-1.691667,55.0375,533
BUS,Batumi International,Batumi,Georgia,Asia,Western Asia,41.599722,41.610278,535
TRN,Turin,Turin,Italy,Europe,Southern Europe,7.649444,45.2025,536
NTE,Nantes Atlantique,Nantes,France,Europe,Western Europe,-1.607778,47.156944,537
ORN,Oran Es Sénia,Oran,Algeria,Africa,Northern Africa,-0.621111,35.623889,540
ACE,Lanzarote,Lanzarote,Spain,Europe,Southern Europe,-13.605278,28.945556,541
TUU,Tabuk Regional,Tabuk,Saudi Arabia,Asia,Western Asia,36.618889,28.365556,549
GOP,Mahayogi Gorakhnath,Gorakhpur,India,Asia,Southern Asia,83.45,26.741111,550
PDL,João Paulo II,Ponta Delgada,Portugal,Europe,Southern Europe,-25.697778,37.741111,556
PEW,Bacha Khan International,Peshawar,Pakistan,Asia,Southern Asia,71.514444,33.993889,557
VRN,Verona Villafranca,Verona,Italy,Europe,Southern Europe,10.888056,45.396389,561
NRN,Weeze,Düsseldorf,Germany,Europe,Central Europe,6.142222,51.6025,562
LPL,Liverpool John Lennon,Liverpool,United Kingdom,Europe,Northern Europe,-2.849722,53.333611,565
ASM,Asmara International,Asmara,Eritrea,Africa,Eastern Africa,38.910556,15.291944,566
HAJ,Hannover,Hanover,Germany,Europe,Central Europe,9.689444,52.460556,570
BRE,Bremen,Bremen,Germany,Europe,Central Europe,8.786667,53.0475,580
JRO,Kilimanjaro International,Mount Kilimanjaro,Tanzania,Africa,Eastern Africa,37.074444,-3.429444,582
IDR,Devi Ahilya Bai Holkar,Indore,India,Asia,Southern Asia,75.801111,22.721667,583
ASW,Aswan International,Aswan,Egypt,Africa,Northern Africa,32.82,23.964444,585
DYU,Dushanbe International,Dushanbe,Tajikistan,Asia,Central Asia,68.825,38.543333,587
BDS,Brindisi,Brindisi,Italy,Europe,Southern Europe,17.948056,40.660556,589
BKO,Bamako–Sénou International,Bamako,Mali,Africa,Western Africa,-7.95,12.533611,590
FIH,N djili,Kinshasa,Democratic Republic of the Congo,Africa,Central Africa,15.444444,-4.385833,592
ENU,Akanu Ibiam International,Enugu,Nigeria,Africa,Western Africa,7.561944,6.474167,594
BLL,Billund,Billund,Denmark,Europe,Northern Europe,9.151667,55.740278,596
PAS,Paros National,Parikia,Greece,Europe,Southern Europe,25.128611,37.010278,597
GZT,Oğuzeli,Gaziantep,Turkey,Asia,Western Asia,37.478611,36.947222,602
CKY,Conakry International,Conakry,Guinea,Africa,Western Africa,-13.611944,9.576944,603
OVD,Asturias,Asturias,Spain,Europe,Southern Europe,-6.034722,43.563611,609
LBA,Leeds Bradford,Leeds,United Kingdom,Europe,Northern Europe,-1.660556,53.865833,611
RAI,Nelson Mandela International,Praia,Cape Verde,Africa,Western Africa,-23.484722,14.941389,612
BFS,Belfast International,Belfast,United Kingdom,Europe,Northern Europe,-6.215833,54.6575,616
GIZ,Jazan,Jizan,Saudi Arabia,Asia,Western Asia,42.585833,16.901111,619
ASB,Ashgabat International,Ashgabat,Turkmenistan,Asia,Central Asia,58.360833,37.986944,625
MAH,Menorca,Menorca,Spain,Europe,Southern Europe,4.218611,39.8625,627
GOA,Genoa Cristoforo Colombo,Genoa,Italy,Europe,Southern Europe,8.8375,44.413333,630
ORK,Cork,Cork,Ireland,Europe,Northern Europe,-8.491111,51.841389,631
ZTH,Zakynthos International,Zakynthos Island,Greece,Europe,Southern Europe,20.884167,37.750833,632
SLL,Salalah,Salalah,Oman,Asia,Western Asia,54.091389,17.038611,635
SVG,"Stavanger Airport, Sola",Stavanger,Norway,Europe,Northern Europe,5.637778,58.876667,636
MGQ,Aden Adde International,Mogadishu,Somalia,Africa,Eastern Africa,45.305,2.014722,642
ELQ,Prince Nayef bin Abdulaziz Regional,Al-Qassim Region,Saudi Arabia,Asia,Western Asia,43.773889,26.302778,643
SCV,Suceava International,Suceava,Romania,Europe,Eastern Europe,26.354167,47.6875,646
DJE,Djerba–Zarzis International,Djerba,Tunisia,Africa,Northern Africa,10.775556,33.875,647
NJF,Al Najaf International,Najaf,Iraq,Asia,Western Asia,44.404167,31.989722,653
PZU,Port Sudan New International,Port,Sudan,Africa,Northern Africa,37.234167,19.433611,654
KSC,Košice International,Košice,Slovakia,Europe,Central Europe,21.241111,48.663056,662
DWC,Al Maktoum International,Dubai,United Arab Emirates,Asia,Western Asia,55.16,24.896111,664
NKC,Nouakchott International,Nouakchott,Mauritania,Africa,Western Africa,-15.948056,18.097778,667
TRD,"Trondheim Airport, Værnes",Trondheim,Norway,Europe,Northern Europe,10.924167,63.4575,671
ABB,Asaba International,Asaba,Nigeria,Africa,Western Africa,6.667222,6.203056,673
HAS,Ha il Regional,Ha il,Saudi Arabia,Asia,Western Asia,41.686389,27.438056,674
MIR,Monastir Habib Bourguiba International,Monastir,Tunisia,Africa,Northern Africa,10.754722,35.758056,676
FNA,Lungi International,Freetown,Sierra Leone,Africa,Western Africa,-13.195556,8.616389,677
MMX,Malmö,Malmö,Sweden,Europe,Northern Europe,13.375,55.5425,681
UET,Quetta International,Quetta,Pakistan,Asia,Southern Asia,66.937778,30.251389,684
BOJ,Burgas,Burgas,Bulgaria,Europe,Eastern Europe,27.515278,42.569722,685
LDE,Tarbes–Lourdes–Pyrénées,Lourdes,France,Europe,Western Europe,-0.002778,43.185556,690
WIL,Wilson,Nairobi,Kenya,Africa,Eastern Africa,36.814722,-1.321667,694
GRX,Federico García Lorca,Granada,Spain,Europe,Southern Europe,-3.777222,37.188611,696
AHO,Alghero-Fertilia,Alghero,Italy,Europe,Southern Europe,8.289722,40.630278,700
SZG,Salzburg,Salzburg,Austria,Europe,Central Europe,13.004444,47.793333,701
CIT,Shymkent International,Shymkent,Kazakhstan,Asia,Central Asia,69.478889,42.364167,703
ZAD,Zadar,Zadar,Croatia,Europe,Southern Europe,15.346667,44.108333,706
JIB,Djibouti–Ambouli International,Balbala,Djibouti,Africa,Eastern Africa,43.159444,11.547222,707
ATZ,Assiut,Asyut,Egypt,Africa,Northern Africa,31.011944,27.046389,708
QOW,Sam Mbakwe,Owerri,Nigeria,Africa,Western Africa,7.206111,5.426944,710
KYA,Konya,Konya,Turkey,Asia,Western Asia,32.561944,37.978889,711
NDJ,N Djamena International,N Djamena,Chad,Africa,Central Africa,15.033889,12.133611,715
SNN,Shannon,"Shannon, County Clare",Ireland,Europe,Northern Europe,-8.924722,52.701944,717
IXC,Chandigarh International,Chandigarh,India,Asia,Southern Asia,76.788611,30.673333,723
OUD,Angads,Oujda,Morocco,Africa,Northern Africa,-1.923889,34.787222,730
KGS,Kos Island International,Kos,Greece,Europe,Southern Europe,27.091667,36.793333,732
BJM,Bujumbura International,Bujumbura,Burundi,Africa,Eastern Africa,29.318611,-3.323889,737
TRS,Trieste – Friuli Venezia Giulia,Trieste,Italy,Europe,Southern Europe,13.472222,45.8275,748
STV,Surat,Surat,India,Asia,Southern Asia,72.741667,21.114167,750
NSI,Yaoundé Nsimalen International,Yaoundé,Cameroon,Africa,Central Africa,11.553333,3.7225,751
QRW,Warri,Warri,Nigeria,Africa,Western Africa,5.820278,5.598889,752
BNI,Benin,Benin City,Nigeria,Africa,Western Africa,5.599444,6.316944,753
SMI,Samos International,Samos,Greece,Europe,Southern Europe,26.911667,37.69,754
XRY,Jerez,Jerez de la Frontera,Spain,Europe,Southern Europe,-6.06,36.744722,755
CZL,Mohamed Boudiaf International,Constantine,Algeria,Africa,Northern Africa,6.620278,36.276111,756
LCG,A Coruña,A Coruña,Spain,Europe,Southern Europe,-8.377222,43.302222,759
MLO,Milos Island National,"Plaka, Milos",Greece,Europe,Southern Europe,24.472778,36.696667,760
TIF,Ta if Regional,Ta if,Saudi Arabia,Asia,Western Asia,40.544444,21.483333,764
SXB,Strasbourg,Strasbourg,France,Europe,Western Europe,7.634444,48.541944,765
SKD,Samarkand International,Samarkand,Uzbekistan,Asia,Central Asia,66.984722,39.700556,768
BHO,Raja Bhoj,Bhopal,India,Asia,Southern Asia,77.3375,23.2875,769
LCY,London City,London,United Kingdom,Europe,Northern Europe,0.054167,51.505,770
SDR,Santander,Santander,Spain,Europe,Southern Europe,-3.82,43.426944,771
ARK,Arusha,Arusha,Tanzania,Africa,Eastern Africa,36.625,-3.367222,772
GRO,Girona–Costa Brava,Girona,Spain,Europe,Southern Europe,2.760556,41.900833,776
SUF,Lamezia Terme International,Lamezia Terme,Italy,Europe,Southern Europe,16.241667,38.908333,777
OUA,Ouagadougou,Ouagadougou,Burkina Faso,Africa,Western Africa,-1.5125,12.353333,778
EMA,East Midlands,Nottingham,United Kingdom,Europe,Northern Europe,-1.328056,52.831111,779
EAM,Najran Regional Airport,Najran,Saudi Arabia,Asia,Western Asia,44.419167,17.611389,786
GRZ,Graz,Graz,Austria,Europe,Central Europe,15.44,46.993611,796
LLA,Luleå,Luleå,Sweden,Europe,Northern Europe,22.121944,65.543889,804
EAS,San Sebastián,Donostia / San Sebastián,Spain,Europe,Southern Europe,-1.790556,43.356389,806
NYO,Stockholm Skavsta,Stockholm,Sweden,Europe,Northern Europe,16.912222,58.788611,808
COO,Cadjehoun,Cotonou,Benin,Africa,Western Africa,2.384444,6.357222,812
FKB,Karlsruhe/Baden-Baden,Karlsruhe,Germany,Europe,Central Europe,8.080556,48.779444,814
KAN,Mallam Aminu Kano International,Kano,Nigeria,Africa,Western Africa,8.524722,12.0475,817
PLQ,Palanga International,Palanga,Lithuania,Europe,Northern Europe,21.093889,55.973333,823
SXR,Srinagar International,Srinagar,India,Asia,Southern Asia,74.774167,33.987222,824
AAL,Aalborg,Aalborg,Denmark,Europe,Northern Europe,9.849167,57.092778,828
CWL,Cardiff,Cardiff,United Kingdom,Europe,Northern Europe,-3.343333,51.396667,829
RTM,Rotterdam The Hague,Rotterdam,Netherlands,Europe,Western Europe,4.430833,51.953056,830
SBZ,Sibiu International,Sibiu,Romania,Europe,Eastern Europe,24.091389,45.785556,837
PSR,Abruzzo,Pescara,Italy,Europe,Southern Europe,14.186667,42.431667,838
ADE,Aden International Airport,Aden,Yemen,Asia,Western Asia,45.028801,12.8295,841
GHV,Brașov-Ghimbav International Airport,Brasov,Romania,Europe,Eastern Europe,25.52,45.701667,842
JNX,Naxos Island National,Naxos,Greece,Europe,Southern Europe,25.368611,37.082222,847
SID,Amílcar Cabral International,Sal,Cape Verde,Africa,Western Africa,-22.949444,16.741389,850
PVK,Aktion National,Preveza,Greece,Europe,Southern Europe,20.765278,38.925556,852
SZF,Samsun-Çarşamba,Samsun,Turkey,Asia,Western Asia,36.567222,41.254444,854
HSR,Rajkot International Airport,Rajkot,India,Asia,Southern Asia,71.028333,22.388056,862
NDR,Nador International,Nador,Morocco,Africa,Northern Africa,-3.028333,34.988889,865
AOI,Marche Airport,Ancona,Italy,Europe,Southern Europe,13.360278,43.616667,873
RMF,Marsa Alam International,Marsa Alam,Egypt,Africa,Northern Africa,34.583611,25.557222,877
MYD,Malindi,Malindi,Kenya,Africa,Eastern Africa,40.101667,-3.229167,879
ZAZ,Zaragoza,Zaragoza,Spain,Europe,Southern Europe,-1.041667,41.666111,880
GZP,Gazipaşa,Gazipaşa,Turkey,Asia,Western Asia,32.290278,36.298056,881
BNX,Banja Luka International,Banja Luka,Bosnia & Herzegovina,Europe,Southern Europe,17.2975,44.941389,883
ABZ,Aberdeen,Aberdeen,United Kingdom,Europe,Northern Europe,-2.200278,57.204167,887
INI,Niš Constantine the Great,Niš,Serbia,Europe,Southern Europe,21.853611,43.337222,889
EXT,Exeter,Exeter,United Kingdom,Europe,Northern Europe,-3.413889,50.734444,891
HGA,Hargeisa,Hargeisa,Somalia,Africa,Eastern Africa,44.083889,9.513889,899
BOO,Bodø,Bodø,Norway,Europe,Northern Europe,14.365278,67.269167,900
EFL,Kephalonia International,Cephalonia,Greece,Europe,Southern Europe,20.500556,38.12,901
OSS,Osh,Osh,Kyrgyzstan,Asia,Central Asia,72.793333,40.608889,902
MJI,Mitiga International,Tripoli,Libya,Africa,Northern Africa,13.289722,32.893333,905
URC,Ürümqi Diwopu International,Ürümqi,China,Asia,Eastern Asia,87.474167,43.907222,906
BSR,Basra International,Basra,Iraq,Asia,Western Asia,47.662222,30.549167,907
EVE,"Harstad/Narvik Airport, Evenes",Narvik,Norway,Europe,Northern Europe,16.678056,68.491389,913
DIY,Diyarbakır,Diyarbakır,Turkey,Asia,Western Asia,40.201111,37.893889,915
OMO,Mostar,Mostar,Bosnia & Herzegovina,Europe,Southern Europe,17.845833,43.282778,920
MLH,Mulhouse/Basel EuroAirport French FR,Basel,Switzerland,Europe,Central Europe,7.529167,47.600833,926
GUW,Atyrau,Atyrau,Kazakhstan,Asia,Central Asia,51.821389,47.121944,929
KMS,Kumasi,Kumasi,Ghana,Africa,Western Africa,-1.590833,6.714444,930
BZO,Bolzano Airport,Bolzano,Italy,Europe,Southern Europe,11.3264,46.460201,932
LBV,Libreville International,Libreville,Gabon,Africa,Central Africa,9.412222,0.458611,935
PKR,Pokhara,Pokhara,Nepal,Asia,Southern Asia,83.981389,28.200556,936
TPS,Vincenzo Florio Airport Trapani–Birgi,Trapani,Italy,Europe,Southern Europe,12.494167,37.9075,937
PUY,Pula,Pula,Croatia,Europe,Southern Europe,13.922222,44.893611,939
BRQ,Brno–Tuřany,Brno,Czechia,Europe,Central Europe,16.694444,49.151389,941
LWN,Shirak,Gyumri,Armenia,Asia,Western Asia,43.859444,40.750278,944
MPL,Montpellier–Méditerranée,Montpellier,France,Europe,Western Europe,3.961389,43.583333,948
UDR,Maharana Pratap,Udaipur,India,Asia,Southern Asia,73.896111,24.617778,955
LEJ,Leipzig/Halle Airport,Leipzig,Germany,Europe,Central Europe,12.241667,51.4325,957
AQJ,King Hussein International,Aqaba,Jordan,Asia,Western Asia,35.018056,29.611667,962
JUB,Juba International,Juba,South Sudan,Africa,Eastern Africa,31.601111,4.871944,970
ISU,Sulaimaniyah International,Sulaymaniyah,Iraq,Asia,Western Asia,45.315833,35.5625,971
AKX,Aktobe,Aktobe,Kazakhstan,Asia,Central Asia,57.206667,50.245833,973
RZV,Rize–Artvin Airport,Rize,Turkey,Asia,Western Asia,40.828889,41.169167,980
BIQ,Biarritz Pays Basque,Biarritz,France,Europe,Western Europe,-1.531111,43.468333,986
TER,Lajes Field,Terceira Island,Portugal,Europe,Southern Europe,-27.090833,38.761944,989
NIM,Diori Hamani International,Niamey,Niger,Africa,Western Africa,2.176667,13.481111,990
AJA,Ajaccio Napoleon Bonaparte,Ajaccio,France,Europe,Western Europe,8.8025,41.923889,995
TTU,Sania Ramel,Tétouan,Morocco,Africa,Northern Africa,-5.328056,35.59,996
BHD,George Best Belfast City,Belfast,United Kingdom,Europe,Northern Europe,-5.8725,54.618056,997
MQM,Mardin,Mardin,Turkey,Asia,Western Asia,40.631667,37.223333,999
JSI,Skiathos Island National,Skiathos,Greece,Europe,Southern Europe,23.503611,39.177222,1001
GCI,Guernsey,Saint Peter Port,Guernsey,Europe,Northern Europe,-2.601944,49.434722,1002
JKH,Chios Island National,Chios,Greece,Europe,Southern Europe,26.140556,38.343056,1004
DHM,Dharamsala airport,Dharamshala,India,Asia,Southern Asia,76.260556,32.165278,1005
JER,Jersey,Saint Helier,Jersey,Europe,Northern Europe,-2.195278,49.207778,1007
PEG,San Francesco d Assisi,Perugia,Italy,Europe,Southern Europe,12.510278,43.097222,1010
SPC,La Palma,Santa Cruz de La Palma,Spain,Europe,Southern Europe,-17.755556,28.626389,1011
UGC,Urgench International,Urgench,Uzbekistan,Asia,Central Asia,60.641667,41.584167,1012
RMU,Región de Murcia,Murcia,Spain,Europe,Southern Europe,-1.1279,37.8062,1013
RSI,Red Sea International Airport,Red Sea Project,Saudi Arabia,Asia,Western Asia,37.078333,25.630278,1018
SOU,Southampton,Southampton,United Kingdom,Europe,Northern Europe,-1.356667,50.950278,1029
VGO,Vigo–Peinador,Vigo,Spain,Europe,Southern Europe,-8.626667,42.231667,1033
VAA,Vaasa,Vaasa,Finland,Europe,Northern Europe,21.762222,63.050556,1035
NKT,Şırnak,Şırnak,Turkey,Asia,Western Asia,42.061944,37.363611,1038
KIR,Kerry,County Kerry,Ireland,Europe,Northern Europe,-9.523889,52.180833,1045
YNB,Yanbu,Yanbu,Saudi Arabia,Asia,Western Asia,38.063333,24.144167,1046
LIL,Lille,Lille,France,Europe,Western Europe,3.086944,50.563333,1048
ANR,Antwerp International,Brussels,Belgium,Europe,Western Europe,4.460278,51.189444,1051
MHD,Mashhad International,Mashhad,Iran,Asia,Southern Asia,59.645,36.234167,1053
HOR,Horta,"Horta, Azores",Portugal,Europe,Southern Europe,-28.716389,38.52,1054
DNZ,Denizli Çardak,Denizli,Turkey,Asia,Western Asia,29.701389,37.785556,1060
KRN,Kiruna,Kiruna,Sweden,Europe,Northern Europe,20.336667,67.821944,1063
AAR,Aarhus,Aarhus,Denmark,Europe,Northern Europe,10.619444,56.303889,1064
INN,Innsbruck,Innsbruck,Austria,Europe,Central Europe,11.343889,47.260278,1068
AJF,Al-Jawf Domestic,Al Jawf Region,Saudi Arabia,Asia,Western Asia,40.1,29.785,1071
CRA,Craiova International,Craiova,Romania,Europe,Eastern Europe,23.888611,44.318056,1079
JDH,Jodhpur,Jodhpur,India,Asia,Southern Asia,73.048889,26.251111,1081
UME,Umeå,Umeå,Sweden,Europe,Northern Europe,20.282778,63.791944,1085
LFW,Lomé–Tokoin International,Lomé,Togo,Africa,Western Africa,1.254444,6.165556,1088
KDU,Skardu,Skardu,Unknown Region,Asia,Southern Asia,75.546389,35.333056,1091
VIL,Dakhla,Dakhla,Unknown Region,Africa,Northern Africa,-15.931944,23.718333,1092
HTY,Hatay,Hatay Province,Turkey,Asia,Western Asia,36.284722,36.359722,1093
PNL,Pantelleria,Pantelleria,Italy,Europe,Southern Europe,11.968056,36.815,1094
TKU,Turku,Turku,Finland,Europe,Northern Europe,22.262778,60.514167,1095
NUM,Neom Bay Airport,Neom,Saudi Arabia,Asia,Western Asia,35.29,27.925,1097
DRS,Dresden,Dresden,Germany,Europe,Central Europe,13.768056,51.134444,1109
IXJ,Jammu,Jammu,Unknown Region,Asia,Southern Asia,74.8375,32.689167,1113
BAL,Batman,Batman,Turkey,Asia,Western Asia,41.116667,37.928889,1118
DBB,El Alamein International,El Dabaa,Egypt,Africa,Northern Africa,28.461389,30.924444,1119
AGR,Agra,Agra,India,Asia,Southern Asia,77.960833,27.155833,1122
VXE,Cesária Évora,São Vicente,Cape Verde,Africa,Western Africa,-25.054722,16.833611,1124
JSY,Syros Island National,Syros,Greece,Europe,Southern Europe,24.95,37.422778,1126
SCO,Aktau,Aktau,Kazakhstan,Asia,Central Asia,51.091944,43.86,1128
SKO,Sadiq Abubakar III International,Sokoto,Nigeria,Africa,Western Africa,5.207222,12.916389,1130
AQI,Al Qaisumah/Hafr Al Batin,Qaisumah,Saudi Arabia,Asia,Western Asia,46.125,28.335278,1136
RMI,Federico Fellini International,Rimini,Italy,Europe,Southern Europe,12.609444,44.019444,1137
MJT,Mytilene International,Mytilene,Greece,Europe,Southern Europe,26.602222,39.053333,1138
GGR,Garowe,Garoe,Somalia,Africa,Eastern Africa,48.5675,8.458056,1140
FAE,Vágar,Sørvágur,Faroe Islands,Europe,Northern Europe,-7.293056,62.066389,1145
SYZ,Shiraz International,Shiraz,Iran,Asia,Southern Asia,52.588611,29.540278,1147
YYG,Charlottetown,Charlottetown,Canada,North America,Northern America,-63.125556,46.289167,1151
SKZ,Sukkur,Sukkur,Pakistan,Asia,Southern Asia,68.793056,27.721389,1154
IOM,Isle of Man,Douglas,Isle of Man,Europe,Northern Europe,-4.624167,54.083333,1157
GOH,Nuuk,Nuuk,Greenland,North America,Northern America,-51.678056,64.190833,1158
NQY,Cornwall Airport Newquay,Newquay,United Kingdom,Europe,Northern Europe,-5.001667,50.443333,1163
AEY,Akureyri,Akureyri,Iceland,Europe,Northern Europe,-18.072222,65.658611,1165
IGD,Iğdır,Iğdır,Turkey,Asia,Western Asia,43.884444,39.972778,1166
BCM,George Enescu International,Bacău,Romania,Europe,Eastern Europe,26.910278,46.521944,1168
GNY,Sanliurfa,Şanlıurfa,Turkey,Asia,Western Asia,38.898752,37.447658,1171
TZL,Tuzla International,Tuzla,Bosnia & Herzegovina,Europe,Southern Europe,18.725556,44.458611,1174
LCJ,Łódź Władysław Reymont,Łódź,Poland,Europe,Central Europe,19.398056,51.721944,1175
QSR,Salerno / Pontecagnano Airport,Salerno,Italy,Europe,Southern Europe,14.9113,40.620399,1176
HEA,Herat International,Herat,Afghanistan,Asia,Southern Asia,62.228333,34.21,1178
HDO,Hindon Airport,Ghaziabad,India,Asia,Southern Asia,77.342137,28.70579,1179
FSC,Figari–Sud Corse,Figari,France,Europe,Western Europe,9.096667,41.502222,1180
PDV,Plovdiv,Plovdiv,Bulgaria,Europe,Eastern Europe,24.850833,42.067778,1182
SEN,London Southend,London,United Kingdom,Europe,Northern Europe,0.695556,51.571389,1183
REG,Reggio Calabria,Reggio Calabria,Italy,Europe,Southern Europe,15.653611,38.071944,1186
EZS,Elazığ,Elazığ,Turkey,Asia,Western Asia,39.291389,38.606944,1187
PED,Pardubice Airport,Pardubice,Czechia,Europe,Central Europe,15.738611,50.013333,1188
DEB,Debrecen International,Debrecen,Hungary,Europe,Central Europe,21.615278,47.488889,1189
KRS,"Kristiansand Airport, Kjevik",Kristiansand,Norway,Europe,Northern Europe,8.085278,58.204167,1190
BEN,Benina International,Benghazi,Libya,Africa,Northern Africa,20.269444,32.096667,1191
PNA,Pamplona,Pamplona,Spain,Europe,Southern Europe,-1.646389,42.77,1193
LYR,"Svalbard Airport, Longyear",Longyearbyen,Svalbard & Jan Mayen,Europe,Northern Europe,15.465556,78.246111,1194
NBE,Enfidha–Hammamet International,Enfidha,Tunisia,Africa,Northern Africa,10.438333,36.075556,1195
BOH,Bournemouth,Bournemouth,United Kingdom,Europe,Northern Europe,-1.8425,50.78,1200
ULH,Prince Abdul Majeed bin Abdulaziz Domestic,Al-`Ula,Saudi Arabia,Asia,Western Asia,38.105278,26.489722,1202
AXD,Alexandroupolis International,Alexandroupoli,Greece,Europe,Southern Europe,25.956389,40.855833,1203
BHK,Bukhara International,Bukhara,Uzbekistan,Asia,Central Asia,64.48,39.766389,1204
AAE,Rabah Bitat,Annaba,Algeria,Africa,Northern Africa,7.809167,36.822222,1208
LEI,Almería,Almería,Spain,Europe,Southern Europe,-2.37,36.843889,1209
BZV,Maya-Maya,Brazzaville,Republic of the Congo,Africa,Central Africa,15.253056,-4.251667,1210
KKN,"Kirkenes Airport, Høybuktmoen",Kirkenes,Norway,Europe,Northern Europe,29.891389,69.725833,1213
FMO,Münster Osnabrück International,Münster,Germany,Europe,Central Europe,7.684722,52.134722,1217
LMP,Lampedusa,Lampedusa,Italy,Europe,Southern Europe,12.618333,35.498056,1223
JIJ,Jijiga,Jijiga,Ethiopia,Africa,Eastern Africa,42.912614,9.333482,1224
SEU,Seronera Airstrip,Seronera,Tanzania,Africa,Eastern Africa,34.821944,-2.457222,1226
TML,Tamale,Tamale,Ghana,Africa,Western Africa,-0.863333,9.557222,1228
RNS,Rennes–Saint-Jacques,Rennes,France,Europe,Western Europe,-1.732222,48.071944,1231
CND,Mihail Kogălniceanu International,Constanța,Romania,Europe,Eastern Europe,28.488333,44.362222,1234
OHD,Ohrid St. Paul the Apostle,Ohrid,Republic of North Macedonia,Europe,Southern Europe,20.742222,41.18,1239
PIK,Glasgow Prestwick,Glasgow,United Kingdom,Europe,Northern Europe,-4.586667,55.509444,1240
VBY,Visby,Visby,Sweden,Europe,Northern Europe,18.346111,57.662778,1244
LKN,Leknes,Leknes,Norway,Europe,Northern Europe,13.611944,68.154444,1245
HSA,Turkistan International Airport,Turkistan,Kazakhstan,Asia,Central Asia,68.550278,43.311111,1250
RAE,Arar Domestic,Arar,Saudi Arabia,Asia,Western Asia,41.138333,30.906667,1255
LAU,Manda,Lamu,Kenya,Africa,Eastern Africa,40.913056,-2.2525,1256
OSR,Leoš Janáček Airport Ostrava,Ostrava,Czechia,Europe,Central Europe,18.111111,49.696111,1257
BSA,Bosaso,Bosaso,Somalia,Africa,Eastern Africa,49.157778,11.275556,1259
IVL,Ivalo,Ivalo,Finland,Europe,Northern Europe,27.405278,68.607222,1265
SFT,Skellefteå,Skellefteå,Sweden,Europe,Northern Europe,21.076944,64.624722,1267
TGM,Târgu Mureș International,Târgu Mureș,Romania,Europe,Eastern Europe,24.4125,46.467778,1268
MHQ,Mariehamn,Mariehamn,Åland Islands,Europe,Northern Europe,19.8975,60.121667,1269
RJK,Rijeka,Rijeka,Croatia,Europe,Southern Europe,14.570278,45.216944,1271
KLU,Klagenfurt,Klagenfurt,Austria,Europe,Central Europe,14.337778,46.642778,1276
IOA,Ioannina National,Ioannina,Greece,Europe,Southern Europe,20.8225,39.696389,1282
MOL,"Molde Airport, Årø",Molde,Norway,Europe,Northern Europe,7.2625,62.744722,1286
GIL,Gilgit,Gilgit,Unknown Region,Asia,Southern Asia,74.333611,35.918889,1291
MLN,Melilla,Melilla,Spain,Europe,Southern Europe,-2.956389,35.279722,1292
FEG,Fergana International,Fergana,Uzbekistan,Asia,Central Asia,71.744722,40.361389,1296
TOE,Tozeur–Nefta International,Tozeur,Tunisia,Africa,Northern Africa,8.110556,33.939722,1298
TBZ,Tabriz International,Tabriz,Iran,Asia,Southern Asia,46.235,38.133889,1299
EUN,Hassan I,Laayoune,Unknown Region,Africa,Northern Africa,-13.219167,27.151667,1302
RKT,Ras Al Khaimah International,Ras al-Khaimah,United Arab Emirates,Asia,Western Asia,55.938889,25.613611,1309
BES,Brest Bretagne,Brest,France,Europe,Western Europe,-4.421667,48.447222,1310
NOC,Ireland West Airport Knock,"Knock, County Mayo",Ireland,Europe,Northern Europe,-8.818611,53.910278,1312
AJI,Ağrı,Ağrı,Turkey,Asia,Western Asia,43.026389,39.653889,1314
AES,"Ålesund Airport, Vigra",Ålesund,Norway,Europe,Northern Europe,6.110278,62.560278,1316
BJA,Abane Ramdane,Béjaïa,Algeria,Africa,Northern Africa,5.07,36.711944,1317
ESU,Essaouira-Mogador,Essaouira,Morocco,Africa,Northern Africa,-9.681667,31.3975,1321
YQY,Sydney/J.A. Douglas McCurdy,Sydney,Canada,North America,Northern America,-60.047778,46.161389,1329
OGU,Ordu–Giresun,Giresun,Turkey,Asia,Western Asia,38.085833,40.966944,1344
DED,Dehradun,Dehradun,India,Asia,Southern Asia,78.180278,30.189722,1345
OXB,Osvaldo Vieira International,Bissau,Guinea-Bissau,Africa,Western Africa,-15.653611,11.894722,1350
ERF,Erfurt–Weimar,Erfurt,Germany,Europe,Central Europe,10.958056,50.979722,1352
IXU,Aurangabad,Aurangabad,India,Asia,Southern Asia,75.398056,19.862778,1353
DPS,Ngurah Rai International,Denpasar,Indonesia,Asia,South-Eastern Asia,115.167222,-8.748056,66
LOP,Lombok International,"Praya, Lombok",Indonesia,Asia,South-Eastern Asia,116.276667,-8.757222,478
SUB,Juanda International,Surabaya,Indonesia,Asia,South-Eastern Asia,112.786944,-7.379722,521
LBJ,Komodo,Labuan Bajo,Indonesia,Asia,South-Eastern Asia,119.889167,-8.486667,551
YIA,Yogyakarta International Airport,Yogyakarta,Indonesia,Asia,South-Eastern Asia,110.05448,-7.907459,652
SRG,Ahmad Yani International,Semarang,Indonesia,Asia,South-Eastern Asia,110.374167,-6.971389,984
UPG,Sultan Hasanuddin International,Makassar,Indonesia,Asia,South-Eastern Asia,119.554167,-5.061667,1017
KJT,Kertajati International,Kertajati,Indonesia,Asia,South-Eastern Asia,108.191111,-6.669167,1243
PKN,Iskandar,Pangkalan Bun,Indonesia,Asia,South-Eastern Asia,111.673333,-2.705278,1249
TMC,Tambolaka,Tambolaka,Indonesia,Asia,South-Eastern Asia,119.244444,-9.409722,1264
SWQ,Sultan Muhammad Kaharuddin III,Sumbawa Besar,Indonesia,Asia,South-Eastern Asia,117.411389,-8.488056,1422
SOC,Adisumarmo International,Surakarta,Indonesia,Asia,South-Eastern Asia,110.756944,-7.516111,1437
ENE,H. Hasan Aroeboesman,Ende,Indonesia,Asia,South-Eastern Asia,121.660556,-8.849167,1567
JOG,Adisutjipto International,Yogyakarta,Indonesia,Asia,South-Eastern Asia,110.431667,-7.788056,1598
MOF,Frans Xavier Seda,Maumere,Indonesia,Asia,South-Eastern Asia,122.236944,-8.640556,1609
MLG,Abdul Rachman Saleh,Malang,Indonesia,Asia,South-Eastern Asia,112.714444,-7.926667,1647
BMU,Sultan Muhammad Salahudin,Bima,Indonesia,Asia,South-Eastern Asia,118.687222,-8.539722,1667
PKY,Tjilik Riwut,Palangka Raya,Indonesia,Asia,South-Eastern Asia,113.942778,-2.225,1767
WGP,Umbu Mehang Kunda,Waingapu,Indonesia,Asia,South-Eastern Asia,120.301944,-9.669167,1806
BDJ,Syamsudin Noor International,Banjarmasin,Indonesia,Asia,South-Eastern Asia,114.7625,-3.442222,1894
BWX,Blimbingsari,Banyuwangi,Indonesia,Asia,South-Eastern Asia,114.34,-8.310278,2048
BTW,Batu Licin,Batulicin,Indonesia,Asia,South-Eastern Asia,116.0,-3.45,2048
KBU,Gusti Syamsir Alam,Kotabaru Regency,Indonesia,Asia,South-Eastern Asia,116.164722,-3.296111,2048
RTG,Frans Sales Lega,Ruteng,Indonesia,Asia,South-Eastern Asia,120.478056,-8.596111,2048
BJW,Turelelo Soa,Bajawa,Indonesia,Asia,South-Eastern Asia,121.057778,-8.707778,2048
SMQ,H. Asan,Sampit,Indonesia,Asia,South-Eastern Asia,112.975,-2.499167,2048
MJU,Tampa Padang,Mamuju Regency,Indonesia,Asia,South-Eastern Asia,119.027778,-2.588333,2048
